entryId,gene,isReferenceProteome,isReviewed,sequenceChecksum,sequenceVersionDate,uniprotAccession,uniprotId,uniprotDescription,taxId,organismScientificName,globalMetricValue,uniprotStart,uniprotEnd,uniprotSequence,modelCreatedDate,latestVersion,allVersions,organismScientificNameT,_version_,organismSynonyms,organismCommonNames
AF-G4F0D0-F1,BSSC8_40600,true,false,CBAB451A740BA246,2011-12-14,G4F0D0,G4F0D0_BACIU,Secreted alkaliphilic lipase,1089443,Bacillus subtilis subsp. subtilis str. SC-8,90.75,1,212,MKFVKRRIIALVTILMLSVTSLFALQPSVKAAEHNPVVMVHGIGGASFNFAGIKSYLVSQGWSRDKLYAVDFWDKTGTNYNNGPVLSRFVQKVLDETGAKKVDIVAHSMGGANTLYYIKNLDGGNKVENVVTLGGANRLTTGKALPGTDPNQKILYTSIYSSADMIVMNYLSRLDGARNVQIHGVGHIGLLYSSQVNSLIKEGLNGGGQNTN,2022-06-01,4,"3,4",Bacillus subtilis subsp. subtilis str. SC-8,1764058498914582531,,
AF-S6G0Z9-F1,estA,true,false,3A79C2070B3A68D4,2013-10-16,S6G0Z9,S6G0Z9_9BACI,Secreted alkaliphilic lipase,1338518,Bacillus velezensis UCMB5033,90.12,1,214,MKQIKSKILAILTVCMLSVISVFAFQPTVSKASSEHNPVVMVHGIGGASFNFAGIKTYLASQGWSRNEMYAIDFLDKTGNNRHNAPRLSNYVKKVLSETGAKKVDIVAHSMGGANTLYYIKNLDGGDKIANVVTLGGANGLVTNRALPGTDPNQKILYTSIYSSADLIVLNPLSRLIGGKNVQIHGVGHIGLLMNSQVNGLIKEGLNGGGQNTN,2022-06-01,4,"3,4",Bacillus velezensis UCMB5033,1764059753372188676,,
AF-A0A653UNX4-F1,estA,true,false,AA7391EF8462B2D1,2020-04-22,A0A653UNX4,A0A653UNX4_9BACI,Secreted alkaliphilic lipase,293387,Bacillus altitudinis,90.44,1,213,MIRFKKKSFQILVALALVLGSIAFIQPKEAKAAEHNPVVMVHGMGGASYNFASIKRYLVSQGWDQNQLFAIDFIDKTGNNLNNGPRLSRFVKDVLAKTGAKKVDIVAHSMGGANTLYYIKNLDGGDKIENVVTLGGANGLVSLRALPGTDPNQKILYTSVYSSADLIVVNSLSRLIGARNVLIHGVGHIGLLTSSQVKGYVKEGLNGGGQNTN,2022-06-01,4,"3,4",Bacillus altitudinis,1764084257956823042,,
AF-E0U0Y0-F1,estA,true,false,427D4D87A9A98752,2010-11-02,E0U0Y0,E0U0Y0_BACSH,Secreted alkaliphilic lipase,655816,Bacillus spizizenii (strain ATCC 23059 / NRRL B-14472 / W23),90.62,1,212,MKFVKSKFIALVTILVLSVTSLFAMQPSAKAAEHNPVVMVHGIGGASYNFAGIKSYLVSQGWSRGKLYAVDFWDKTGTNYNNGPVLSRFVQKVLDETGAKKVDIVAHSMGGANTLYYIKNLDGGNKIENVVTLGGANRLTTSKALPGTDPNQKILYTSIYSSADMIVMNYLSKLDGAKNVQIHGVGHIGLLMNSQVNSLIKEGLNGGGQNTN,2022-06-01,4,"3,4",Bacillus spizizenii (strain ATCC 23059 / NRRL B-14472 / W23),1764056496433266692,Bacillus subtilis subsp. spizizenii,
AF-M4KRC6-F1,estA,true,false,DD6CE8E6B8825230,2013-05-29,M4KRC6,M4KRC6_BACIU,Secreted alkaliphilic lipase,1233100,Bacillus subtilis XF-1,92.12,1,223,MENLLQKKEDIMKFVKRRIIALVTILMLSVTSLFALQPSAKAAEHNPVVMVHGIGGASFNFAGIKSYLVSQGWSRDKLYAVDFWDKTGTNYNNGPVLSRFVQKVLDETGAKKVDIVAHSMGGANTLYYIKNLDGGNKVANVVTLGGANRLTTGKALPGTDPNQKILYTSIYSSADMIVMNYLSRLDGARNVQIHGVGHIGLLYSSQVNSLIKEGLNGGGQNTN,2022-06-01,4,"3,4",Bacillus subtilis XF-1,1764088136323825667,,
AF-A0A411P9G2-F1,Unknown,false,false,65857FF0DA64670C,2019-05-08,A0A411P9G2,A0A411P9G2_BACSP,Alkaliphilic thermostable serine protease,1409,Bacillus sp.,87.06,1,350,MKKPLAKIVAGTALLISVALSSSIASAAEEAKEKYFIGFNEQEAVSEFVEQIEAKDDVAILSEQGEVEIELLHELETIPVLSVELSPEEVDALDLDPSISYIDEDAEVTTMAQSVPWGISRVQAPAAHNRGLTGSGVNVAVLDTGISTHPDLNIRGGASFVPGEPSTQDGNGHGTHVAGTIAALNNSIGVLGVAPSGELYAVKVLGASGSGSVSSIAQGLEWAGNNGMHVANLSFGSPSPSATLEQAVNSATSRGVLVVAASGNSGAGSISYPARYANAMAVGATDQINKRASFSQYGAGLDIVAPGVNVQSTYPGSTYASLNGTSMATPHVAGVAALVKEKNPSWSNLH,2022-06-01,4,"3,4",Bacillus sp.,1764056159484903426,,
AF-Q6WUB6-F1,amy1,false,false,C23E7500848ABCEA,2004-07-05,Q6WUB6,Q6WUB6_9ENTR,Alpha-amylase,240150,alkaliphilic bacterium N10,90.25,1,587,MQKTAKTSIWQRMRHSAIALSALSLSFGLQASELPQIPPQQINNTMYQAFYWDAYPGLWANLPAMAAPLAERGITSMWLPPAAKGMNGTFSVGYDVYDFWDLGEFYQKGTTATRYGSRQQLQQALAALDQLGIQAYFDVVFNHRMGADAQEHIPGFGLAWTEYHLQGRQAHYTQQNWGYLWHDFDWDWTAFNGSDNQLYPGKWWGNTFHFPYLMGEDVDYNRFEVQQEMKAWGEWIINHVGFSGFRMDAIAHVDTDFTRDWINHVQWATSEDVFFVAEAWVSDINGYLDAVNTPHLRAFDFNLREDFVALSSGSKDMRWWGGLVNSQHRDRAVTFVDNHDTSRAGNPYGMPQVINYKNQAYAYILLREHGVPTVFARDYDEFGMAATLDKLIEARRYFAYGPGHEYSGNTEAVYAYVREGLSNVPGTGLVMLMSGRNWGGQQSFSINSHQANTTFYDYTGNVAGTVTTNAQGYGSFPVNMTESTGWSVWVPQSSGGPQPGSITLRMTKDVGYGYSLFFTGSSPDLTNWGAGIEGTWTSGHVWEVTIPDPGNFEWKTRKGPTGGSGQDWESGGNHNQNNLHPSFNGGF,2022-06-01,4,"3,4",alkaliphilic bacterium N10,1764063855884894218,,
AF-A0A411P9K3-F1,Unknown,false,false,36F82D79FF566DBA,2019-05-08,A0A411P9K3,A0A411P9K3_BACSP,Thermostable alkaliphilic alpha amylase,1409,Bacillus sp.,94.81,1,514,MNLHNRIISVLLTLLLAVAVLFPYMTEPAQAHHNGTNGTMMQYFEWHLPNDGNHLNRLRDDAATLKSKGITAVWIPPAWKGTSQNDVGYGAYDFYDLGEFNQKGTVRTKYGTRSQLQGAVTSLKNNGIQVYGDVVMNHKGGADGTEMVNAVEVNRSNRNQEISGEYTIEAWTKFDFPGRGNTHSNFKWRWYHFDGTDWDQSRQLQNKIYKYRGTGKAWDWEVDIENGNYDYLMYADIDMDHPEVINELRNWGVWYTNTLNLDGFRIDAVKHIKYSYTRDWLTHVRNTTGKPMFAVAEFWKNDLAAIENYLNRTSWNHSVFDVPLHYNLYNASNSGGYFDMRNILNGTVVQKHPIHAITFVDNHDSQPGEALDSFVQSWFNPLAYALILTREQGFPSVFYGDYYGIPTHGVPSMKSKIDPLLQARQTYAYGTQHDYFDHHDVIGWTREGDSSHPNSGLATIMSDGPGGNKWMYVGKHKAGQVWRDITGNRSGTVTINADGWGNFTVNGGAVSVWV,2022-06-01,4,"3,4",Bacillus sp.,1764087595231346688,,
AF-J7JYV8-F1,Asp,false,false,3E0B38C6880B40ED,2012-10-31,J7JYV8,J7JYV8_BOMMO,Alkaliphilic serine protease,7091,Bombyx mori,91.62,1,256,MNSIIILLALGLAAVAAVPTNPQRIIGGSTTTIDRYPGIVSLLFTRNWSQWWQACGGNLLNQRSVLSAAHCTFGDQTGAWRLRVGSTWANSGGVVHQLNRIIHHPNYNRQTADSDLCILRSNTNIVLNNNVRPVNIAGSNYNLADNQPVWAAGWGATSLGGSNSEQFRHVQVWTINQNACVQRYRPINRAITANMLCSGVLDVGGRDQCQGDSGGPLLHNRVLVGVCSWGQYCADRRFPGVNVRVSRFTSWIQSNS,2022-06-01,4,"3,4",Bombyx mori,1764073275038629888,,Silk moth
AF-Q9TXE6-F1,Unknown,false,false,4B4A54A90E2434C3,2000-05-01,Q9TXE6,Q9TXE6_BOMMO,ALKALIPHILIC serine protease P-IIC=TRYPSIN-like protease,7091,Bombyx mori,98.0,1,232,IIGGSTTTIDRYPGIVSLLFTRNWSQWWQACGGNLLNQRSVLSAAHCTFGDQTGAWRLRVGSTWANSGGVVHQLNRIIHHPNYNRQTADSDLCILRSNTNIVLNNNVRPVNIAGSNYNLADNQPVWAAGWGATSLGGSGSEQLRHVQVWTINQNTCAQRYRPINRSITANMLCSGVLDVGGRDQCQGDSGGPLLLNNVLVGVCSWGQYCADRRYPGVNVRVSRFTSWIQSNA,2022-06-01,4,"3,4",Bombyx mori,1764081658187743235,,Silk moth
AF-G4XVR7-F1,Unknown,false,false,EEC73B01CA10F594,2011-12-14,G4XVR7,G4XVR7_9BACI,Alkaliphilic xylanase,1091156,Bacillus sp. 31,77.25,1,319,MESRTETNRARRKKNKRKLAVVMLILLVATIISFDRMITREAASSDLIPDATAQEPKVKSETALAEQKDKEQESAQTESTEEGTDSNEVKSKPKENEEVQGSPTDAEPESNAGEQDGTNDKKIVYLTFDDGPTPATKKLLTLLNEYEMKATFFTLSPKVKQYPDIANQIVADGHAIALHGVTHQRERFYASAQSPLNEMVENQQTVESVTGVKTNLIRTPYGSYPHLTTEQRNILKEHGFKLWDWNVDSYDWKLRNERFVETTIEQLENQAHEASHVILFHDTETTIRHIDKLLDYLVEQGYETRLLTEDMEPIHFGTY,2022-06-01,4,"3,4",Bacillus sp. 31,1764067959585636356,,
